{
	"Close_average": 1072.51138046824,
	"Close_std": 725.3167677843516,
	"Open_average": 1072.907535677642,
	"Open_std": 725.6693167918835,
	"High_average": 1078.5944632030594,
	"High_std": 729.2598127123625,
	"Low_average": 1066.0453362559463,
	"Low_std": 720.8913501584065,
	"Volume_average": 242886621.97836024,
	"Volume_std": 282540917.30884326,
	"Change_average": 0.00041274134875477983,
	"Change_std": 0.014652903981995324
}